Workbook

Sheet Fixtures
A1: Scoresheet Type | B1: Day (dd) | C1: Month (number) | D1: Year (yyyy) | E1: Time (hours) | F1: Time (minutes) | G1: Division | H1: Team A | I1: Team B | J1: Duty Team | K1: Court | L1: Venue

Sheet Team Lists
A1: Team | B1: Player_1_FullName | C1: Player_1_Number | D1: Player_2_FullName | E1: Player_2_Number | F1: Player_3_FullName | G1: Player_3_Number | H1: Player_4_FullName | I1: Player_4_Number | J1: Player_5_FullName | K1: Player_5_Number | L1: Player_6_FullName | M1: Player_6_Number | N1: Player_7_FullName | O1: Player_7_Number | P1: Player_8_FullName | Q1: Player_8_Number | R1: Player_9_FullName | S1: Player_9_Number | T1: Player_10_FullName | U1: Player_10_Number | V1: Player_11_FullName | W1: Player_11_Number | X1: Player_12_FullName | Y1: Player_12_Number | Z1: Player_13_FullName | AA1: Player_13_Number | AB1: Player_14_FullName | AC1: Player_14_Number | AD1: Player_15_FullName | AE1: Player_15_Number
A2: =IF('Worker Columns'!E1=0,"",'Worker Columns'!E1)
A3: =IF('Worker Columns'!E2=0,"",'Worker Columns'!E2)
A4: =IF('Worker Columns'!E3=0,"",'Worker Columns'!E3)
A5: =IF('Worker Columns'!E4=0,"",'Worker Columns'!E4)
A6: =IF('Worker Columns'!E5=0,"",'Worker Columns'!E5)
A7: =IF('Worker Columns'!E6=0,"",'Worker Columns'!E6)
A8: =IF('Worker Columns'!E7=0,"",'Worker Columns'!E7)
A9: =IF('Worker Columns'!E8=0,"",'Worker Columns'!E8)
A10: =IF('Worker Columns'!E9=0,"",'Worker Columns'!E9)
A11: =IF('Worker Columns'!E10=0,"",'Worker Columns'!E10)
A12: =IF('Worker Columns'!E11=0,"",'Worker Columns'!E11)
A13: =IF('Worker Columns'!E12=0,"",'Worker Columns'!E12)
... A209: =IF('Worker Columns'!E208=0,"",'Worker Columns'!E208)

Sheet Coach Lists
A1: Team | B1: Coach_1_FullName | C1: Coach_1_Role | D1: Coach_2_FullName | E1: Coach_2_Role | F1: Coach_3_FullName | G1: Coach_3_Role | H1: Coach_4_FullName | I1: Coach_4_Role | J1: Coach_5_FullName | K1: Coach_5_Role
A2: =IF('Worker Columns'!E1=0,"",'Worker Columns'!E1)
A3: =IF('Worker Columns'!E2=0,"",'Worker Columns'!E2)
A4: =IF('Worker Columns'!E3=0,"",'Worker Columns'!E3)
A5: =IF('Worker Columns'!E4=0,"",'Worker Columns'!E4)
A6: =IF('Worker Columns'!E5=0,"",'Worker Columns'!E5)
A7: =IF('Worker Columns'!E6=0,"",'Worker Columns'!E6)
A8: =IF('Worker Columns'!E7=0,"",'Worker Columns'!E7)
A9: =IF('Worker Columns'!E8=0,"",'Worker Columns'!E8)
A10: =IF('Worker Columns'!E9=0,"",'Worker Columns'!E9)
A11: =IF('Worker Columns'!E10=0,"",'Worker Columns'!E10)
A12: =IF('Worker Columns'!E11=0,"",'Worker Columns'!E11)
A13: =IF('Worker Columns'!E12=0,"",'Worker Columns'!E12)
... A209: =IF('Worker Columns'!E208=0,"",'Worker Columns'!E208)

Sheet Worker Columns
A1: =INDIRECT(_xlfn.CONCAT("$Fixtures!",IF(ISODD(ROW(Fixtures!H3)),ADDRESS(_xlfn.FLOOR.MATH(0.5+ROW(Fixtures!H3)/2),8),ADDRESS(_xlfn.FLOOR.MATH(0.5+ROW(Fixtures!H3)/2),9)))) -> #REF! | B1: =INDIRECT(_xlfn.CONCAT("$Fixtures.",IF(ISODD(ROW(Fixtures!H3)),ADDRESS(_xlfn.FLOOR.MATH(0.5+ROW(Fixtures!H3)/2),8),ADDRESS(_xlfn.FLOOR.MATH(0.5+ROW(Fixtures!H3)/2),9)))) -> 0 | C1: {=IF(ISERROR(A1),_xlfn.UNIQUE(B1:B209, , ),_xlfn.UNIQUE(A1:A209, , ))} | D1: =IF(OR(ISERR(C1),LEN(C1)=0),NA(),C1) -> #N/A | E1: {=_xlfn._xlws.SORT(D1:D209)} -> 0
A2: =INDIRECT(_xlfn.CONCAT("$Fixtures!",IF(ISODD(ROW(Fixtures!H4)),ADDRESS(_xlfn.FLOOR.MATH(0.5+ROW(Fixtures!H4)/2),8),ADDRESS(_xlfn.FLOOR.MATH(0.5+ROW(Fixtures!H4)/2),9)))) -> #REF! | B2: =INDIRECT(_xlfn.CONCAT("$Fixtures.",IF(ISODD(ROW(Fixtures!H4)),ADDRESS(_xlfn.FLOOR.MATH(0.5+ROW(Fixtures!H4)/2),8),ADDRESS(_xlfn.FLOOR.MATH(0.5+ROW(Fixtures!H4)/2),9)))) -> 0 | D2: =IF(OR(ISERR(C2),LEN(C2)=0),NA(),C2) -> #N/A | E2: 0
A3: =INDIRECT(_xlfn.CONCAT("$Fixtures!",IF(ISODD(ROW(Fixtures!H5)),ADDRESS(_xlfn.FLOOR.MATH(0.5+ROW(Fixtures!H5)/2),8),ADDRESS(_xlfn.FLOOR.MATH(0.5+ROW(Fixtures!H5)/2),9)))) -> #REF! | B3: =INDIRECT(_xlfn.CONCAT("$Fixtures.",IF(ISODD(ROW(Fixtures!H5)),ADDRESS(_xlfn.FLOOR.MATH(0.5+ROW(Fixtures!H5)/2),8),ADDRESS(_xlfn.FLOOR.MATH(0.5+ROW(Fixtures!H5)/2),9)))) -> 0 | D3: =IF(OR(ISERR(C3),LEN(C3)=0),NA(),C3) -> #N/A | E3: 0
A4: =INDIRECT(_xlfn.CONCAT("$Fixtures!",IF(ISODD(ROW(Fixtures!H6)),ADDRESS(_xlfn.FLOOR.MATH(0.5+ROW(Fixtures!H6)/2),8),ADDRESS(_xlfn.FLOOR.MATH(0.5+ROW(Fixtures!H6)/2),9)))) -> #REF! | B4: =INDIRECT(_xlfn.CONCAT("$Fixtures.",IF(ISODD(ROW(Fixtures!H6)),ADDRESS(_xlfn.FLOOR.MATH(0.5+ROW(Fixtures!H6)/2),8),ADDRESS(_xlfn.FLOOR.MATH(0.5+ROW(Fixtures!H6)/2),9)))) -> 0 | D4: =IF(OR(ISERR(C4),LEN(C4)=0),NA(),C4) -> #N/A | E4: 0
A5: =INDIRECT(_xlfn.CONCAT("$Fixtures!",IF(ISODD(ROW(Fixtures!H7)),ADDRESS(_xlfn.FLOOR.MATH(0.5+ROW(Fixtures!H7)/2),8),ADDRESS(_xlfn.FLOOR.MATH(0.5+ROW(Fixtures!H7)/2),9)))) -> #REF! | B5: =INDIRECT(_xlfn.CONCAT("$Fixtures.",IF(ISODD(ROW(Fixtures!H7)),ADDRESS(_xlfn.FLOOR.MATH(0.5+ROW(Fixtures!H7)/2),8),ADDRESS(_xlfn.FLOOR.MATH(0.5+ROW(Fixtures!H7)/2),9)))) -> 0 | D5: =IF(OR(ISERR(C5),LEN(C5)=0),NA(),C5) -> #N/A | E5: 0
A6: =INDIRECT(_xlfn.CONCAT("$Fixtures!",IF(ISODD(ROW(Fixtures!H8)),ADDRESS(_xlfn.FLOOR.MATH(0.5+ROW(Fixtures!H8)/2),8),ADDRESS(_xlfn.FLOOR.MATH(0.5+ROW(Fixtures!H8)/2),9)))) -> #REF! | B6: =INDIRECT(_xlfn.CONCAT("$Fixtures.",IF(ISODD(ROW(Fixtures!H8)),ADDRESS(_xlfn.FLOOR.MATH(0.5+ROW(Fixtures!H8)/2),8),ADDRESS(_xlfn.FLOOR.MATH(0.5+ROW(Fixtures!H8)/2),9)))) -> 0 | D6: =IF(OR(ISERR(C6),LEN(C6)=0),NA(),C6) -> #N/A | E6: 0
A7: =INDIRECT(_xlfn.CONCAT("$Fixtures!",IF(ISODD(ROW(Fixtures!H9)),ADDRESS(_xlfn.FLOOR.MATH(0.5+ROW(Fixtures!H9)/2),8),ADDRESS(_xlfn.FLOOR.MATH(0.5+ROW(Fixtures!H9)/2),9)))) -> #REF! | B7: =INDIRECT(_xlfn.CONCAT("$Fixtures.",IF(ISODD(ROW(Fixtures!H9)),ADDRESS(_xlfn.FLOOR.MATH(0.5+ROW(Fixtures!H9)/2),8),ADDRESS(_xlfn.FLOOR.MATH(0.5+ROW(Fixtures!H9)/2),9)))) -> 0 | D7: =IF(OR(ISERR(C7),LEN(C7)=0),NA(),C7) -> #N/A | E7: 0
A8: =INDIRECT(_xlfn.CONCAT("$Fixtures!",IF(ISODD(ROW(Fixtures!H10)),ADDRESS(_xlfn.FLOOR.MATH(0.5+ROW(Fixtures!H10)/2),8),ADDRESS(_xlfn.FLOOR.MATH(0.5+ROW(Fixtures!H10)/2),9)))) -> #REF! | B8: =INDIRECT(_xlfn.CONCAT("$Fixtures.",IF(ISODD(ROW(Fixtures!H10)),ADDRESS(_xlfn.FLOOR.MATH(0.5+ROW(Fixtures!H10)/2),8),ADDRESS(_xlfn.FLOOR.MATH(0.5+ROW(Fixtures!H10)/2),9)))) -> 0 | D8: =IF(OR(ISERR(C8),LEN(C8)=0),NA(),C8) -> #N/A | E8: 0
A9: =INDIRECT(_xlfn.CONCAT("$Fixtures!",IF(ISODD(ROW(Fixtures!H11)),ADDRESS(_xlfn.FLOOR.MATH(0.5+ROW(Fixtures!H11)/2),8),ADDRESS(_xlfn.FLOOR.MATH(0.5+ROW(Fixtures!H11)/2),9)))) -> #REF! | B9: =INDIRECT(_xlfn.CONCAT("$Fixtures.",IF(ISODD(ROW(Fixtures!H11)),ADDRESS(_xlfn.FLOOR.MATH(0.5+ROW(Fixtures!H11)/2),8),ADDRESS(_xlfn.FLOOR.MATH(0.5+ROW(Fixtures!H11)/2),9)))) -> 0 | D9: =IF(OR(ISERR(C9),LEN(C9)=0),NA(),C9) -> #N/A | E9: 0
A10: =INDIRECT(_xlfn.CONCAT("$Fixtures!",IF(ISODD(ROW(Fixtures!H12)),ADDRESS(_xlfn.FLOOR.MATH(0.5+ROW(Fixtures!H12)/2),8),ADDRESS(_xlfn.FLOOR.MATH(0.5+ROW(Fixtures!H12)/2),9)))) -> #REF! | B10: =INDIRECT(_xlfn.CONCAT("$Fixtures.",IF(ISODD(ROW(Fixtures!H12)),ADDRESS(_xlfn.FLOOR.MATH(0.5+ROW(Fixtures!H12)/2),8),ADDRESS(_xlfn.FLOOR.MATH(0.5+ROW(Fixtures!H12)/2),9)))) -> 0 | D10: =IF(OR(ISERR(C10),LEN(C10)=0),NA(),C10) -> #N/A | E10: 0
A11: =INDIRECT(_xlfn.CONCAT("$Fixtures!",IF(ISODD(ROW(Fixtures!H13)),ADDRESS(_xlfn.FLOOR.MATH(0.5+ROW(Fixtures!H13)/2),8),ADDRESS(_xlfn.FLOOR.MATH(0.5+ROW(Fixtures!H13)/2),9)))) -> #REF! | B11: =INDIRECT(_xlfn.CONCAT("$Fixtures.",IF(ISODD(ROW(Fixtures!H13)),ADDRESS(_xlfn.FLOOR.MATH(0.5+ROW(Fixtures!H13)/2),8),ADDRESS(_xlfn.FLOOR.MATH(0.5+ROW(Fixtures!H13)/2),9)))) -> 0 | D11: =IF(OR(ISERR(C11),LEN(C11)=0),NA(),C11) -> #N/A | E11: 0
A12: =INDIRECT(_xlfn.CONCAT("$Fixtures!",IF(ISODD(ROW(Fixtures!H14)),ADDRESS(_xlfn.FLOOR.MATH(0.5+ROW(Fixtures!H14)/2),8),ADDRESS(_xlfn.FLOOR.MATH(0.5+ROW(Fixtures!H14)/2),9)))) -> #REF! | B12: =INDIRECT(_xlfn.CONCAT("$Fixtures.",IF(ISODD(ROW(Fixtures!H14)),ADDRESS(_xlfn.FLOOR.MATH(0.5+ROW(Fixtures!H14)/2),8),ADDRESS(_xlfn.FLOOR.MATH(0.5+ROW(Fixtures!H14)/2),9)))) -> 0 | D12: =IF(OR(ISERR(C12),LEN(C12)=0),NA(),C12) -> #N/A | E12: 0
A13: =INDIRECT(_xlfn.CONCAT("$Fixtures!",IF(ISODD(ROW(Fixtures!H15)),ADDRESS(_xlfn.FLOOR.MATH(0.5+ROW(Fixtures!H15)/2),8),ADDRESS(_xlfn.FLOOR.MATH(0.5+ROW(Fixtures!H15)/2),9)))) -> #REF! | B13: =INDIRECT(_xlfn.CONCAT("$Fixtures.",IF(ISODD(ROW(Fixtures!H15)),ADDRESS(_xlfn.FLOOR.MATH(0.5+ROW(Fixtures!H15)/2),8),ADDRESS(_xlfn.FLOOR.MATH(0.5+ROW(Fixtures!H15)/2),9)))) -> 0 | D13: =IF(OR(ISERR(C13),LEN(C13)=0),NA(),C13) -> #N/A | E13: 0
... A209: =INDIRECT(_xlfn.CONCAT("$Fixtures!",IF(ISODD(ROW(Fixtures!H211)),ADDRESS(_xlfn.FLOOR.MATH(0.5+ROW(Fixtures!H211)/2),8),ADDRESS(_xlfn.FLOOR.MATH(0.5+ROW(Fixtures!H211)/2),9)))) -> #REF! | B209: =INDIRECT(_xlfn.CONCAT("$Fixtures.",IF(ISODD(ROW(Fixtures!H211)),ADDRESS(_xlfn.FLOOR.MATH(0.5+ROW(Fixtures!H211)/2),8),ADDRESS(_xlfn.FLOOR.MATH(0.5+ROW(Fixtures!H211)/2),9)))) -> 0 | D209: =IF(OR(ISERR(C209),LEN(C209)=0),NA(),C209) -> #N/A | E209: 0
