Workbook

Sheet Fixtures
A1: Scoresheet Type | B1: Day (dd) | C1: Month (number) | D1: Year (yyyy) | E1: Time (hours) | F1: Time (minutes) | G1: Division | H1: Team A | I1: Team B | J1: Duty Team | K1: Court | L1: Venue

Sheet Team Lists
A1: Team | B1: Player_1_FullName | C1: Player_1_Number | D1: Player_2_FullName | E1: Player_2_Number | F1: Player_3_FullName | G1: Player_3_Number | H1: Player_4_FullName | I1: Player_4_Number | J1: Player_5_FullName | K1: Player_5_Number | L1: Player_6_FullName | M1: Player_6_Number | N1: Player_7_FullName | O1: Player_7_Number | P1: Player_8_FullName | Q1: Player_8_Number | R1: Player_9_FullName | S1: Player_9_Number | T1: Player_10_FullName | U1: Player_10_Number | V1: Player_11_FullName | W1: Player_11_Number | X1: Player_12_FullName | Y1: Player_12_Number | Z1: Player_13_FullName | AA1: Player_13_Number | AB1: Player_14_FullName | AC1: Player_14_Number | AD1: Player_15_FullName | AE1: Player_15_Number
A2: =IF('Worker Columns'!E1=0,"",'Worker Columns'!E1)
A3: =IF('Worker Columns'!E2=0,"",'Worker Columns'!E2)
A4: =IF('Worker Columns'!E3=0,"",'Worker Columns'!E3)
A5: =IF('Worker Columns'!E4=0,"",'Worker Columns'!E4)
A6: =IF('Worker Columns'!E5=0,"",'Worker Columns'!E5)
A7: =IF('Worker Columns'!E6=0,"",'Worker Columns'!E6)
A8: =IF('Worker Columns'!E7=0,"",'Worker Columns'!E7)
A9: =IF('Worker Columns'!E8=0,"",'Worker Columns'!E8)
A10: =IF('Worker Columns'!E9=0,"",'Worker Columns'!E9)
A11: =IF('Worker Columns'!E10=0,"",'Worker Columns'!E10)
A12: =IF('Worker Columns'!E11=0,"",'Worker Columns'!E11)
A13: =IF('Worker Columns'!E12=0,"",'Worker Columns'!E12)
... A209: =IF('Worker Columns'!E208=0,"",'Worker Columns'!E208)

Sheet Coach Lists
A1: Team | B1: Coach_1_FullName | C1: Coach_1_Role | D1: Coach_2_FullName | E1: Coach_2_Role | F1: Coach_3_FullName | G1: Coach_3_Role | H1: Coach_4_FullName | I1: Coach_4_Role | J1: Coach_5_FullName | K1: Coach_5_Role
A2: =IF('Worker Columns'!E1=0,"",'Worker Columns'!E1)
A3: =IF('Worker Columns'!E2=0,"",'Worker Columns'!E2)
A4: =IF('Worker Columns'!E3=0,"",'Worker Columns'!E3)
A5: =IF('Worker Columns'!E4=0,"",'Worker Columns'!E4)
A6: =IF('Worker Columns'!E5=0,"",'Worker Columns'!E5)
A7: =IF('Worker Columns'!E6=0,"",'Worker Columns'!E6)
A8: =IF('Worker Columns'!E7=0,"",'Worker Columns'!E7)
A9: =IF('Worker Columns'!E8=0,"",'Worker Columns'!E8)
A10: =IF('Worker Columns'!E9=0,"",'Worker Columns'!E9)
A11: =IF('Worker Columns'!E10=0,"",'Worker Columns'!E10)
A12: =IF('Worker Columns'!E11=0,"",'Worker Columns'!E11)
A13: =IF('Worker Columns'!E12=0,"",'Worker Columns'!E12)
... A209: =IF('Worker Columns'!E208=0,"",'Worker Columns'!E208)

Sheet Worker Columns
A1: {=_xlfn.TOCOL(Fixtures!H2:I101)} -> 0 | E1: {=_xlfn.UNIQUE(A1:A200)} -> 0
A2: 0
A3: 0
A4: 0
A5: 0
A6: 0
A7: 0
A8: 0
A9: 0
A10: 0
A11: 0
A12: 0
A13: 0
... A200: 0
